model_name,num_model_params,binary_accuracy
MobileNetV3Small,1529968,0.6486014127731323
VGG16,14714688,0.8286713361740112
ResNet50,23587712,0.7325174808502197
